{"cameraMode":{"drawMode":0,"name":"Shaded","section":"Shading Mode"},"sceneLighting":false,"audioPlay":false,"sceneViewState":{"showFog":true,"showMaterialUpdate":false,"showSkybox":false,"showFlares":true,"showImageEffects":true,"showParticleSystems":true},"in2DMode":false,"pivot":{"x":-0.6402492523193359,"y":-1.3230552673339844,"z":6.229056358337402},"rotation":{"x":-0.46959617733955386,"y":-0.2926208972930908,"z":0.16844959557056428,"w":-0.8157973885536194},"size":13.2481050491333,"orthographic":false}