{"cameraMode":{"drawMode":0,"name":"Shaded","section":"Shading Mode"},"sceneLighting":true,"audioPlay":false,"sceneViewState":{"showFog":true,"showMaterialUpdate":false,"showSkybox":true,"showFlares":true,"showImageEffects":true,"showParticleSystems":true},"in2DMode":false,"pivot":{"x":-451.5409240722656,"y":-2097.251708984375,"z":976.3705444335938},"rotation":{"x":-0.5367532968521118,"y":0.054956573992967609,"z":-0.03550387918949127,"w":-0.841343879699707},"size":1321.8538818359375,"orthographic":false}